GROUP,PACKAGE,CLASS,INSTRUCTION_MISSED,INSTRUCTION_COVERED,BRANCH_MISSED,BRANCH_COVERED,LINE_MISSED,LINE_COVERED,COMPLEXITY_MISSED,COMPLEXITY_COVERED,METHOD_MISSED,METHOD_COVERED
kanban-planner,com.example.kanbanplanner.validation,PlannerValidator.ValidationErrors,0,11,0,0,0,1,0,1,0,1
kanban-planner,com.example.kanbanplanner.validation,ValidationException,0,11,0,0,0,4,0,2,0,2
kanban-planner,com.example.kanbanplanner.validation,PlannerValidator,22,144,10,22,6,35,9,22,0,15
kanban-planner,com.example.kanbanplanner.validation,ValidationDetail,0,9,0,0,0,1,0,1,0,1
kanban-planner,com.example.kanbanplanner.repository.json,JsonPlannerRepository,104,538,15,23,21,123,15,35,0,31
kanban-planner,com.example.kanbanplanner.repository.json,StorageDocument,7,11,1,1,1,3,2,1,1,1
kanban-planner,com.example.kanbanplanner.service,NotFoundException,4,0,0,0,2,0,1,0,1,0
kanban-planner,com.example.kanbanplanner.service,TaskService.TaskInput,0,27,0,0,0,1,0,1,0,1
kanban-planner,com.example.kanbanplanner.service,TaskService.ValidatedTaskFields,0,27,0,0,0,1,0,1,0,1
kanban-planner,com.example.kanbanplanner.service,BucketService.ValidationErrors,0,11,0,0,0,2,0,1,0,1
kanban-planner,com.example.kanbanplanner.service,PlanService,35,92,0,2,5,21,3,8,3,7
kanban-planner,com.example.kanbanplanner.service,TaskService,18,358,4,10,1,84,6,17,2,14
kanban-planner,com.example.kanbanplanner.service,IdGenerator,24,3,0,0,5,1,5,1,5,1
kanban-planner,com.example.kanbanplanner.service,TaskService.ChecklistItemInput,0,12,0,0,0,1,0,1,0,1
kanban-planner,com.example.kanbanplanner.service,BucketService,120,247,4,12,19,60,7,18,4,13
kanban-planner,com.example.kanbanplanner.controller,HealthController,0,7,0,0,0,2,0,2,0,2
kanban-planner,com.example.kanbanplanner,KanbanPlannerApplication,5,3,0,0,2,1,1,1,1,1
kanban-planner,com.example.kanbanplanner.domain,ChecklistItem,0,12,0,0,0,1,0,1,0,1
kanban-planner,com.example.kanbanplanner.domain,PlanSummary,0,9,0,0,0,1,0,1,0,1
kanban-planner,com.example.kanbanplanner.domain,Task,2,51,1,7,0,5,1,5,0,2
kanban-planner,com.example.kanbanplanner.domain,Priority,3,68,0,4,1,12,1,5,1,3
kanban-planner,com.example.kanbanplanner.domain,Bucket,0,9,0,0,0,1,0,1,0,1
kanban-planner,com.example.kanbanplanner.domain,Progress,3,61,0,4,1,11,1,5,1,3
kanban-planner,com.example.kanbanplanner.domain,Plan,0,29,0,4,0,4,0,3,0,1
